﻿{
  "configurations": [
    {
      "name": "x64-Debug",
      "generator": "Ninja",
      "configurationType": "Debug",
      "inheritEnvironments": [ "msvc_x64_x64" ],
      "buildRoot": "${env.USERPROFILE}\\CMakeBuilds\\${workspaceHash}\\build\\${name}",
      "installRoot": "${env.USERPROFILE}\\CMakeBuilds\\${workspaceHash}\\install\\${name}",
      "cmakeCommandArgs": "",
      "buildCommandArgs": "-v",
      "ctestCommandArgs": "--output-on-failure",
      "variables": []
    },
    {
      "name": "x64-Release",
      "generator": "Ninja",
      "configurationType": "Release",
      "inheritEnvironments": [ "msvc_x64_x64" ],
      "buildRoot": "${env.USERPROFILE}\\CMakeBuilds\\${workspaceHash}\\build\\${name}",
      "installRoot": "${env.USERPROFILE}\\CMakeBuilds\\${workspaceHash}\\install\\${name}",
      "cmakeCommandArgs": "",
      "buildCommandArgs": "-v",
      "ctestCommandArgs": "--output-on-failure",
      "variables": [
        {
          "name": "CMAKE_INTERPROCEDURAL_OPTIMIZATION",
          "value": "ON",
          "type": "STRING"
        }
      ]
    },
    {
      "name": "x64-Debug-Shared",
      "generator": "Ninja",
      "configurationType": "Debug",
      "inheritEnvironments": [ "msvc_x64_x64" ],
      "buildRoot": "${env.USERPROFILE}\\CMakeBuilds\\${workspaceHash}\\build\\${name}",
      "installRoot": "${env.USERPROFILE}\\CMakeBuilds\\${workspaceHash}\\install\\${name}",
      "cmakeCommandArgs": "",
      "buildCommandArgs": "-v",
      "ctestCommandArgs": "--output-on-failure",
      "variables": [
        {
          "name": "BUILD_SHARED_LIBS",
          "value": "ON",
          "type": "STRING"
        }
      ]
    },
    {
      "name": "x64-Release-Shared",
      "generator": "Ninja",
      "configurationType": "Release",
      "inheritEnvironments": [ "msvc_x64_x64" ],
      "buildRoot": "${env.USERPROFILE}\\CMakeBuilds\\${workspaceHash}\\build\\${name}",
      "installRoot": "${env.USERPROFILE}\\CMakeBuilds\\${workspaceHash}\\install\\${name}",
      "cmakeCommandArgs": "",
      "buildCommandArgs": "-v",
      "ctestCommandArgs": "--output-on-failure",
      "variables": [
        {
          "name": "CMAKE_INTERPROCEDURAL_OPTIMIZATION",
          "value": "ON",
          "type": "STRING"
        },
        {
          "name": "BUILD_SHARED_LIBS",
          "value": "ON",
          "type": "STRING"
        }
      ]
    },
    {
      "name": "x64-Release-Shared-Static",
      "generator": "Ninja",
      "configurationType": "Release",
      "inheritEnvironments": [ "msvc_x64_x64" ],
      "buildRoot": "${env.USERPROFILE}\\CMakeBuilds\\${workspaceHash}\\build\\${name}",
      "installRoot": "${env.USERPROFILE}\\CMakeBuilds\\${workspaceHash}\\install\\${name}",
      "cmakeCommandArgs": "",
      "buildCommandArgs": "-v",
      "ctestCommandArgs": "--output-on-failure",
      "variables": [
        {
          "name": "CMAKE_INTERPROCEDURAL_OPTIMIZATION",
          "value": "ON",
          "type": "STRING"
        },
        {
          "name": "BUILD_SHARED_LIBS",
          "value": "ON",
          "type": "STRING"
        },
        {
          "name": "MSVC_DYNAMIC_RUNTIME",
          "value": "OFF",
          "type": "STRING"
        }
      ]
    },
    {
      "name": "x86-Debug",
      "generator": "Ninja",
      "configurationType": "Debug",
      "buildRoot": "${env.USERPROFILE}\\CMakeBuilds\\${workspaceHash}\\build\\${name}",
      "installRoot": "${env.USERPROFILE}\\CMakeBuilds\\${workspaceHash}\\install\\${name}",
      "cmakeCommandArgs": "",
      "buildCommandArgs": "-v",
      "ctestCommandArgs": "--output-on-failure",
      "inheritEnvironments": [ "msvc_x86" ],
      "variables": []
    },
    {
      "name": "x86-Release",
      "generator": "Ninja",
      "configurationType": "Release",
      "buildRoot": "${env.USERPROFILE}\\CMakeBuilds\\${workspaceHash}\\build\\${name}",
      "installRoot": "${env.USERPROFILE}\\CMakeBuilds\\${workspaceHash}\\install\\${name}",
      "cmakeCommandArgs": "",
      "buildCommandArgs": "-v",
      "ctestCommandArgs": "--output-on-failure",
      "inheritEnvironments": [ "msvc_x86" ],
      "variables": [
        {
          "name": "CMAKE_INTERPROCEDURAL_OPTIMIZATION",
          "value": "ON",
          "type": "STRING"
        }
      ]
    },
    {
      "name": "x86-Debug-Shared",
      "generator": "Ninja",
      "configurationType": "Debug",
      "buildRoot": "${env.USERPROFILE}\\CMakeBuilds\\${workspaceHash}\\build\\${name}",
      "installRoot": "${env.USERPROFILE}\\CMakeBuilds\\${workspaceHash}\\install\\${name}",
      "cmakeCommandArgs": "",
      "buildCommandArgs": "-v",
      "ctestCommandArgs": "--output-on-failure",
      "inheritEnvironments": [ "msvc_x86" ],
      "variables": [
        {
          "name": "BUILD_SHARED_LIBS",
          "value": "ON",
          "type": "STRING"
        }
      ]
    },
    {
      "name": "x86-Release-Shared",
      "generator": "Ninja",
      "configurationType": "Release",
      "buildRoot": "${env.USERPROFILE}\\CMakeBuilds\\${workspaceHash}\\build\\${name}",
      "installRoot": "${env.USERPROFILE}\\CMakeBuilds\\${workspaceHash}\\install\\${name}",
      "cmakeCommandArgs": "",
      "buildCommandArgs": "-v",
      "ctestCommandArgs": "--output-on-failure",
      "inheritEnvironments": [ "msvc_x86" ],
      "variables": [
        {
          "name": "CMAKE_INTERPROCEDURAL_OPTIMIZATION",
          "value": "ON",
          "type": "STRING"
        },
        {
          "name": "BUILD_SHARED_LIBS",
          "value": "ON",
          "type": "STRING"
        }
      ]
    },
    {
      "name": "x86-Release-Shared-Static",
      "generator": "Ninja",
      "configurationType": "Release",
      "buildRoot": "${env.USERPROFILE}\\CMakeBuilds\\${workspaceHash}\\build\\${name}",
      "installRoot": "${env.USERPROFILE}\\CMakeBuilds\\${workspaceHash}\\install\\${name}",
      "cmakeCommandArgs": "",
      "buildCommandArgs": "-v",
      "ctestCommandArgs": "--output-on-failure",
      "inheritEnvironments": [ "msvc_x86" ],
      "variables": [
        {
          "name": "CMAKE_INTERPROCEDURAL_OPTIMIZATION",
          "value": "ON",
          "type": "STRING"
        },
        {
          "name": "BUILD_SHARED_LIBS",
          "value": "ON",
          "type": "STRING"
        },
        {
          "name": "MSVC_DYNAMIC_RUNTIME",
          "value": "OFF",
          "type": "STRING"
        }
      ]
    }
  ]
}